town,planning_area
ADAM ROAD,NOVENA
ADIS ROAD,ROCHOR
AH HOOD ROAD,NOVENA
AH SOO GARDEN,HOUGANG
AH SOO WALK,HOUGANG
AIDA STREET,BEDOK
AKYAB ROAD,NOVENA
ALEXANDRA ROAD,BUKIT MERAH
ALEXANDRA VIEW,BUKIT MERAH
ALJUNIED ROAD,GEYLANG
ALLAMANDA GROVE,BUKIT TIMAH
ALMOND AVENUE,BUKIT PANJANG
ALMOND CRESCENT,BUKIT PANJANG
ALMOND STREET,BUKIT PANJANG
ALNWICK ROAD,SERANGOON
AMBER GARDENS,MARINE PARADE
AMBER ROAD,MARINE PARADE
ANAMALAI AVENUE,BUKIT TIMAH
ANCHORVALE CRESCENT,SENGKANG
ANCHORVALE LANE,SENGKANG
ANDERSON ROAD,NEWTON
ANDREW ROAD,NOVENA
ANDREWS AVENUE,SEMBAWANG
ANDREWS TERRACE,SEMBAWANG
ANGKLONG LANE,BISHAN
ANG MO KIO,ANG MO KIO
ANG MO KIO AVENUE 1,ANG MO KIO
ANG MO KIO AVENUE 2,ANG MO KIO
ANG MO KIO AVENUE 8,ANG MO KIO
ANG MO KIO AVENUE 9,ANG MO KIO
ANG MO KIO CENTRAL 3,ANG MO KIO
ANG MO KIO RISE,ANG MO KIO
ANG MO KIO STREET 66,ANG MO KIO
ANGSANA AVENUE,TOA PAYOH
ANGULLIA PARK,RIVER VALLEY
ANSON ROAD,DOWNTOWN CORE
ANTHONY ROAD,NEWTON
ARCADIA ROAD,BUKIT TIMAH
ARDMORE PARK,NEWTON
ARNASALAM CHETTY ROAD,RIVER VALLEY
AROOZOO AVENUE,HOUGANG
AROOZOO LANE,HOUGANG
ARTHUR ROAD,MARINE PARADE
ASH GROVE,BUKIT TIMAH
ASHWOOD GROVE,WOODLANDS
ASIMONT LANE,NOVENA
ASTRID HILL,BUKIT TIMAH
AVA ROAD,NOVENA
AVA ROAD/BALESTIER ROAD,NOVENA
AVON ROAD,MARINE PARADE
BALESTIER ROAD,NOVENA
BALMEG HILL,QUEENSTOWN
BALMORAL CRESCENT,NEWTON
BALMORAL PARK,TANGLIN
BALMORAL ROAD,NEWTON
BANGKIT ROAD,BUKIT PANJANG
BARBARY WALK,QUEENSTOWN
BARKER ROAD,NOVENA
BARTLEY ROAD,TOA PAYOH
BASSEIN ROAD,NOVENA
BAYSHORE ROAD,BEDOK
BEACH ROAD,DOWNTOWN CORE
BEATTY ROAD,KALLANG
BEDOK,BEDOK
BEDOK AVENUE,BEDOK
BEDOK CENTRAL,BEDOK
BEDOK CLOSE,BEDOK
BEDOK GARDEN,BEDOK
BEDOK LANE,BEDOK
BEDOK NORTH DRIVE,BEDOK
BEDOK PLACE,BEDOK
BEDOK RESERVOIR ROAD,BEDOK
BEDOK RESERVOIR VIEW,BEDOK
BEDOK RIA CRESCENT,BEDOK
BEDOK RIA PLACE,BEDOK
BEDOK RIA TERRACE,BEDOK
BEDOK RIA WALK,BEDOK
BEDOK RISE,BEDOK
BEDOK ROAD,BEDOK
BEDOK SOUTH AVENUE 1,BEDOK
BEDOK SOUTH AVENUE 3,BEDOK
BEDOK TERRACE,BEDOK
BEDOK WALK,BEDOK
BEECHWOOD GROVE,WOODLANDS
BEGONIA CRESCENT,SERANGOON
BEGONIA DRIVE,SERANGOON
BEGONIA LANE,SERANGOON
BEGONIA ROAD,SERANGOON
BEGONIA TERRACE,SERANGOON
BEGONIA WALK,SERANGOON
BELIMBING AVENUE,TOA PAYOH
BELMONT ROAD,BUKIT TIMAH
BENCOOLEN STREET,ROCHOR
BENG WAN ROAD,KALLANG
BERNAM STREET,DOWNTOWN CORE
BERRIMA ROAD,NOVENA
BERWICK DRIVE,SERANGOON
BHAMO ROAD,NOVENA
BIDADARI PARK DRIVE,TOA PAYOH
BIDEFORD ROAD,ORCHARD
BILAL LANE,BEDOK
BINCHANG RISE,BISHAN
BINJAI HILL,BUKIT TIMAH
BINJAI PARK,BUKIT TIMAH
BINJAI RISE,BUKIT TIMAH
BIN TONG PARK,BUKIT TIMAH
BISHAN,BISHAN
BISHAN STREET 11,BISHAN
BISHAN STREET 15,BISHAN
BISHAN STREET 21,BISHAN
BISHAN STREET 25,BISHAN
BISHOPSGATE,TANGLIN
BLAIR ROAD,BUKIT MERAH
BLANDFORD DRIVE,SERANGOON
BLOXHOME DRIVE,SERANGOON
BOAT QUAY,SINGAPORE RIVER
BODMIN DRIVE,SERANGOON
BOON LAY DRIVE,JURONG WEST
BOON TECK ROAD,NOVENA
BORTHWICK DRIVE,SERANGOON
BOSCOMBE ROAD,MARINE PARADE
BO SENG AVENUE,NOVENA
BOUNDARY ROAD,SERANGOON
BOURNEMOUTH ROAD,MARINE PARADE
BOWMONT GARDENS,BEDOK
BRADDELL HILL,TOA PAYOH
BRADDELL ROAD,BISHAN
BRAEMAR DRIVE,SERANGOON
BRANKSOME ROAD,MARINE PARADE
BRIDPORT AVENUE,SERANGOON
BRIGHT HILL CRESCENT,BISHAN
BRIGHT HILL DRIVE,BISHAN
BRIGHTON AVENUE,SERANGOON
BRIGHTON CRESCENT,SERANGOON
BRISTOL ROAD,KALLANG
BRIZAY PARK,BUKIT TIMAH
BROADRICK CLOSE,MARINE PARADE
BROADRICK ROAD,MARINE PARADE
BROCKHAMPTON DRIVE,SERANGOON
BROOKE ROAD,MARINE PARADE
BROOKVALE DRIVE,CLEMENTI
BUANGKOK GREEN,HOUGANG
BUCKLEY ROAD,NOVENA
BUKIT ARANG ROAD,SERANGOON
BUKIT BATOK,BUKIT BATOK
BUKIT BATOK CENTRAL LINK,BUKIT BATOK
BUKIT BATOK EAST AVENUE 2,BUKIT BATOK
BUKIT BATOK EAST AVENUE 5,BUKIT BATOK
BUKIT BATOK EAST AVENUE 6,BUKIT BATOK
BUKIT BATOK STREET 21,BUKIT BATOK
BUKIT BATOK STREET 25,BUKIT BATOK
BUKIT BATOK STREET 31,BUKIT BATOK
BUKIT BATOK STREET 41,BUKIT BATOK
BUKIT BATOK STREET 52,BUKIT BATOK
BUKIT BATOK WEST AVENUE 5,BUKIT BATOK
BUKIT BATOK WEST AVENUE 8,BUKIT BATOK
BUKIT DRIVE,BUKIT PANJANG
BUKIT MERAH,BUKIT MERAH
BUKIT PANJANG,BUKIT BATOK
BUKIT SEDAP ROAD,BUKIT TIMAH
BUKIT TERESA CLOSE,BUKIT MERAH
BUKIT TIMAH,BUKIT PANJANG
BUKIT TIMAH LINK,BUKIT TIMAH
BUKIT TIMAH ROAD,CENTRAL WATER CATCHMENT
BUNGA RAMPAI PLACE,TOA PAYOH
BURGHLEY DRIVE,SERANGOON
BURGUNDY CRESCENT,BUKIT BATOK
BURGUNDY DRIVE,BUKIT BATOK
BURGUNDY RISE,BUKIT BATOK
BURNFOOT TERRACE,BEDOK
BUTTERFLY AVENUE,TOA PAYOH
BUTTERWORTH LANE,GEYLANG
CABLE ROAD,TANGLIN
CACTUS CRESCENT,ANG MO KIO
CACTUS DRIVE,ANG MO KIO
CACTUS ROAD,ANG MO KIO
CAIRNHILL CIRCLE,NEWTON
CAIRNHILL RISE,NEWTON
CAIRNHILL ROAD,NEWTON
CALDECOTT CLOSE,NOVENA
CAMBORNE ROAD,NOVENA
CAMBRIDGE ROAD,KALLANG
CAMDEN PARK,NOVENA
CANBERRA CRESCENT,SEMBAWANG
CANBERRA DRIVE,SEMBAWANG
CANBERRA WALK,SEMBAWANG
CANTONMENT ROAD,BUKIT MERAH
CAPRICORN DRIVE,BISHAN
CARDIFF GROVE,SERANGOON
CARISBROOKE GROVE,SERANGOON
CARLISLE ROAD,KALLANG
CARMEN STREET,BEDOK
CARMEN TERRACE,BEDOK
CARMICHAEL ROAD,TOA PAYOH
CARPMAEL ROAD,GEYLANG
CASHEW CRESCENT,BUKIT PANJANG
CASHEW ROAD,BUKIT PANJANG
CASHEW TERRACE,BUKIT PANJANG
CASSIA DRIVE,BUKIT TIMAH
CASUARINA ROAD,ANG MO KIO
CASUARINA WALK,ANG MO KIO
CAVAN ROAD,KALLANG
CAVENAGH ROAD,NEWTON
CEDAR AVENUE,TOA PAYOH
CEDARWOOD GROVE,WOODLANDS
CENTRAL AREA,MUSEUM
CENTRAL BOULEVARD,DOWNTOWN CORE
CEYLON LANE,GEYLANG
CEYLON ROAD,MARINE PARADE
CHAMPIONS WAY,WOODLANDS
CHANCERY HILL ROAD,NOVENA
CHANCERY HILL WALK,NOVENA
CHANCERY LANE,NOVENA
CHANGI ROAD,GEYLANG
CHAPEL CLOSE,MARINE PARADE
CHAPEL ROAD,MARINE PARADE
CHARLTON LANE,HOUGANG
CHARLTON ROAD,HOUGANG
CHARTWELL DRIVE,SERANGOON
CHATSWORTH AVENUE,TANGLIN
CHATSWORTH PARK,TANGLIN
CHATSWORTH ROAD,TANGLIN
CHAY YAN STREET,BUKIT MERAH
CHEE HOON AVENUE,NOVENA
CHEMPAKA AVENUE,TOA PAYOH
CHENG SOON CRESCENT,BUKIT TIMAH
CHENG SOON GARDEN,BUKIT TIMAH
CHEOW KENG ROAD,MARINE PARADE
CHEPSTOW CLOSE,SERANGOON
CHERRY AVENUE,BUKIT TIMAH
CHESTNUT AVENUE,CENTRAL WATER CATCHMENT
CHESTNUT CLOSE,BUKIT PANJANG
CHESTNUT CRESCENT,BUKIT PANJANG
CHESTNUT DRIVE,BUKIT PANJANG
CHESTNUT GARDENS,BUKIT PANJANG
CHESTNUT LANE,BUKIT PANJANG
CHESTNUT TERRACE,BUKIT PANJANG
CHEVIOT HILL,BEDOK
CHIAP GUAN AVENUE,HOUGANG
CHIKU ROAD,GEYLANG
CHILTERN DRIVE,SERANGOON
CHIN SWEE ROAD,OUTRAM
CHIN TERRACE,PASIR RIS
CHISELHURST GROVE,SERANGOON
CHOA CHU KANG,CHOA CHU KANG
CHOA CHU KANG AVENUE 1,CHOA CHU KANG
CHOA CHU KANG AVENUE 3,CHOA CHU KANG
CHOA CHU KANG AVENUE 5,CHOA CHU KANG
CHOA CHU KANG GROVE,CHOA CHU KANG
CHOA CHU KANG LOOP,CHOA CHU KANG
CHOA CHU KANG NORTH 6,CHOA CHU KANG
CHOA CHU KANG NORTH 7,CHOA CHU KANG
CHOA CHU KANG ROAD,BUKIT BATOK
CHOA CHU KANG STREET 64,CHOA CHU KANG
CHONG KUO ROAD,YISHUN
CHUAN CLOSE,SERANGOON
CHUAN DRIVE,SERANGOON
CHUAN GARDEN,SERANGOON
CHUAN HOE AVENUE,HOUGANG
CHUAN LINK,SERANGOON
CHUAN PLACE,SERANGOON
CHUAN TERRACE,SERANGOON
CHUAN VIEW,SERANGOON
CHUAN WALK,SERANGOON
CHU LIN ROAD,BUKIT BATOK
CHUN TIN ROAD,BUKIT TIMAH
CHU YEN STREET,BUKIT BATOK
CHWEE CHIAN ROAD,QUEENSTOWN
CHWEE CHIAN VIEW,QUEENSTOWN
CLARKE QUAY,SINGAPORE RIVER
CLAYMORE DRIVE,ORCHARD
CLAYMORE HILL,NEWTON
CLAYMORE ROAD,ORCHARD
CLEMENCEAU AVENUE NORTH,NEWTON
CLEMENTI,CLEMENTI
CLEMENTI AVENUE 1,CLEMENTI
CLEMENTI CRESCENT,BUKIT TIMAH
CLEMENTI ROAD,QUEENSTOWN
CLIFTON VALE,SERANGOON
CLOVER AVENUE,BISHAN
CLOVER CLOSE,BISHAN
CLOVER CRESCENT,BISHAN
CLOVER RISE,BISHAN
CLOVER WAY,BISHAN
CLUB STREET,OUTRAM
CLUNY HILL,TANGLIN
CLUNY PARK ROAD,TANGLIN
COLCHESTER GROVE,SERANGOON
COLDSTREAM AVENUE,BEDOK
COMMONWEALTH AVENUE,QUEENSTOWN
COMPASSVALE BOW,SENGKANG
COMPASSVALE ROAD,SENGKANG
CONISTON GROVE,SERANGOON
CONWAY CIRCLE,SERANGOON
CONWAY GROVE,SERANGOON
COOLING CLOSE,SERANGOON
CORAL ISLAND,SOUTHERN ISLANDS
CORNWALL GARDENS,BUKIT TIMAH
CORONATION DRIVE,BUKIT TIMAH
CORONATION ROAD,BUKIT TIMAH
CORONATION ROAD WEST,BUKIT TIMAH
CORONATION WALK,BUKIT TIMAH
CORPORATION RISE,JURONG WEST
CORPORATION ROAD,JURONG WEST
CORPORATION WALK,JURONG WEST
COTSWOLD CLOSE,SERANGOON
COUNTRYSIDE GROVE,ANG MO KIO
COUNTRYSIDE PLACE,ANG MO KIO
COUNTRYSIDE ROAD,ANG MO KIO
COUNTRYSIDE VIEW,ANG MO KIO
COUNTRYSIDE WALK,ANG MO KIO
COURT ROAD,SERANGOON
COVE DRIVE,SOUTHERN ISLANDS
COVE GROVE,SOUTHERN ISLANDS
COVE WAY,SOUTHERN ISLANDS
COWDRAY AVENUE,SERANGOON
CRAIG ROAD,OUTRAM
CRANE ROAD,GEYLANG
CRESCENT ROAD,MARINE PARADE
CRICHTON CLOSE,SERANGOON
CROUCHER ROAD,SERANGOON
CROWHURST DRIVE,SERANGOON
CUSCADEN ROAD,ORCHARD
CUSCADEN WALK,RIVER VALLEY
CYPRESS AVENUE,BUKIT TIMAH
DAFFODIL DRIVE,BISHAN
DAFNE STREET,BEDOK
DAIRY FARM HEIGHTS,BUKIT PANJANG
DAIRY FARM LANE,BUKIT PANJANG
DAIRY FARM ROAD,CENTRAL WATER CATCHMENT
DAIRY FARM WALK,BUKIT PANJANG
DAISY AVENUE,SERANGOON
DAISY ROAD,SERANGOON
DAKOTA CRESCENT,GEYLANG
DALKEITH ROAD,NOVENA
DALVEY ESTATE,TANGLIN
DALVEY ROAD,TANGLIN
DA SILVA LANE,HOUGANG
DEDAP LINK,SERANGOON
DEDAP PLACE,SERANGOON
DEDAP ROAD,SERANGOON
DELTA ROAD,BUKIT MERAH
DEPOT ROAD,BUKIT MERAH
DERBYSHIRE ROAD,NOVENA
DE SOUZA AVENUE,BUKIT TIMAH
DEVONSHIRE ROAD,RIVER VALLEY
DIDO STREET,BEDOK
DIX ROAD,HOUGANG
DORSET ROAD,KALLANG
DOVER RISE,QUEENSTOWN
DRAYCOTT DRIVE,NEWTON
DRAYCOTT PARK,NEWTON
DUBLIN ROAD,RIVER VALLEY
DUCHESS AVENUE,BUKIT TIMAH
DUCHESS ROAD,BUKIT TIMAH
DUKE'S ROAD,BUKIT TIMAH
DUKU LANE,MARINE PARADE
DUKU PLACE,MARINE PARADE
DUKU ROAD,MARINE PARADE
DUNBAR WALK,BEDOK
DUNDEE ROAD,QUEENSTOWN
DUNEARN CLOSE,NOVENA
DUNEARN ROAD,NOVENA
DUNMAN LANE,MARINE PARADE
DUNMAN ROAD,GEYLANG
DUNSFOLD DRIVE,SERANGOON
DYSON ROAD,NOVENA
DYSON ROAD\CHANCERY HILL ROAD,NOVENA
EAST COAST AVENUE,BEDOK
EAST COAST DRIVE,BEDOK
EAST COAST ROAD,BEDOK
EAST COAST TERRACE,BEDOK
EAST SUSSEX LANE,BUKIT TIMAH
EASTWOOD DRIVE,BEDOK
EASTWOOD GREEN,BEDOK
EASTWOOD PLACE,BEDOK
EASTWOOD ROAD,BEDOK
EASTWOOD TERRACE,BEDOK
EASTWOOD WALK,BEDOK
EASTWOOD WAY,BEDOK
EATON PLACE,HOUGANG
EATON WALK,HOUGANG
EBER ROAD,ORCHARD
EDEN GROVE,SERANGOON
EDGEDALE PLAINS,PUNGGOL
EDGEFIELD PLAINS,PUNGGOL
EE TEOW LENG ROAD,HOUGANG
ELIAS GREEN,PASIR RIS
ELIAS ROAD,PASIR RIS
ELIAS TERRACE,PASIR RIS
ELITE PARK AVENUE,BEDOK
ELITE TERRACE,BEDOK
ELIZABETH DRIVE,BUKIT BATOK
ELLINGTON SQUARE,ANG MO KIO
ELLIOT ROAD,BEDOK
ELLIOT WALK,BEDOK
ELM AVENUE,BUKIT TIMAH
EMERALD HILL ROAD,NEWTON
ENGGOR STREET,DOWNTOWN CORE
ENG HOON STREET,BUKIT MERAH
ENG KONG CRESCENT,BUKIT TIMAH
ENG KONG DRIVE,BUKIT TIMAH
ENG KONG GARDEN,BUKIT TIMAH
ENG KONG PLACE,BUKIT TIMAH
ENG KONG ROAD,BUKIT TIMAH
ENG KONG TERRACE,BUKIT TIMAH
ENG NEO AVENUE,BUKIT TIMAH
ERNANI STREET,BEDOK
ESSEX ROAD,NOVENA
ETTRICK TERRACE,BEDOK
EVELYN ROAD,NOVENA
EVERGREEN AVENUE,BEDOK
EVERGREEN GARDENS,BEDOK
EVERITT ROAD,GEYLANG
EVERITT ROAD NORTH,GEYLANG
EVERTON ROAD,BUKIT MERAH
EWART PARK,BUKIT TIMAH
EWE BOON ROAD,TANGLIN
FABER AVENUE,CLEMENTI
FABER CRESCENT,CLEMENTI
FABER DRIVE,CLEMENTI
FABER GREEN,CLEMENTI
FABER GROVE,CLEMENTI
FABER HEIGHTS,CLEMENTI
FABER PARK,CLEMENTI
FABER TERRACE,CLEMENTI
FABER WALK,CLEMENTI
FARLEIGH AVENUE,SERANGOON
FARRER DRIVE,TANGLIN
FARRER ROAD,KALLANG
FERNHILL CLOSE,TANGLIN
FERNHILL CRESCENT,TANGLIN
FERNHILL ROAD,TANGLIN
FERNVALE CLOSE,SENGKANG
FERNVALE LANE,SENGKANG
FERNVALE LINK,SENGKANG
FERNVALE ROAD,SENGKANG
FERNVALE STREET,SENGKANG
FERNWOOD TERRACE,BEDOK
FIDELIO STREET,BEDOK
FIFTH AVENUE,BUKIT TIMAH
FIGARO STREET,BEDOK
FIR AVENUE,BUKIT TIMAH
FIRST AVENUE,BUKIT TIMAH
FIRST STREET,BEDOK
FLANDERS SQUARE,KALLANG
FLORA DRIVE,PASIR RIS
FLORA ROAD,PASIR RIS
FLORENCE CLOSE,HOUGANG
FLORENCE ROAD,HOUGANG
FLORISSA PARK,ANG MO KIO
FLOWER ROAD,HOUGANG
FOCH ROAD,KALLANG
FOO KIM LIN ROAD,BEDOK
FORD AVENUE,BUKIT TIMAH
FORT ROAD,MUSEUM
FOURTH AVENUE,BUKIT TIMAH
FOURTH STREET,BEDOK
FOWLIE ROAD,MARINE PARADE
FRANKEL AVENUE,BEDOK
FRANKEL DRIVE,BEDOK
FRANKEL PLACE,BEDOK
FRANKEL STREET,BEDOK
FRANKEL TERRACE,BEDOK
FRANKEL WALK,BEDOK
FRASER STREET,DOWNTOWN CORE
FUDU PARK,ANG MO KIO
FUDU WALK,ANG MO KIO
FULTON AVENUE,BISHAN
FULTON ROAD,BISHAN
GALISTAN AVENUE,BUKIT BATOK
GALLOP PARK,TANGLIN
GALLOP PARK ROAD,TANGLIN
GALLOP ROAD,TANGLIN
GAMBIR WALK,SERANGOON
GARDENIA ROAD,BISHAN
GARLICK AVENUE,BUKIT TIMAH
GATEWAY DRIVE,JURONG EAST
GENTLE DRIVE,NOVENA
GENTLE ROAD,NOVENA
GERALD CRESCENT,HOUGANG
GERALD DRIVE,HOUGANG
GERALD PARK,HOUGANG
GERALD TERRACE,HOUGANG
GEYLANG,GEYLANG
GEYLANG EAST AVENUE 1,GEYLANG
GEYLANG EAST AVENUE 2,GEYLANG
GEYLANG ROAD,GEYLANG
GILSTEAD ROAD,NOVENA
GLASGOW ROAD,HOUGANG
GOLDEN DRIVE,SERANGOON
GOLDEN RISE,SERANGOON
GOLDEN WALK,SERANGOON
GOLDHILL AVENUE,NOVENA
GOLDHILL DRIVE,NOVENA
GOLDHILL PLACE,NOVENA
GOLDHILL RISE,NOVENA
GOLDHILL VIEW,NOVENA
GOODLINK PARK,MANDAI
GOODMAN ROAD,MARINE PARADE
GOPENG STREET,DOWNTOWN CORE
GRACE PARK,SERANGOON
GRACE WALK,SERANGOON
GRANGE GARDEN,RIVER VALLEY
GRANGE ROAD,RIVER VALLEY
GRAY LANE,GEYLANG
GREENBANK PARK,BUKIT TIMAH
GREENDALE AVENUE,BUKIT TIMAH
GREENDALE RISE,BUKIT TIMAH
GREENFIELD DRIVE,BEDOK
GREEN LANE,GEYLANG
GREENLEAF AVENUE,BUKIT TIMAH
GREENLEAF DRIVE,BUKIT TIMAH
GREENLEAF LANE,BUKIT TIMAH
GREENLEAF PLACE,BUKIT TIMAH
GREENLEAF RISE,BUKIT TIMAH
GREENLEAF ROAD,BUKIT TIMAH
GREENLEAF VIEW,BUKIT TIMAH
GREENMEAD AVENUE,BUKIT TIMAH
GREENRIDGE CRESCENT,BUKIT TIMAH
GREENVIEW CRESCENT,BUKIT TIMAH
GREENWOOD AVENUE,BUKIT TIMAH
GREENWOOD CRESCENT,BUKIT TIMAH
GREENWOOD LANE,BUKIT TIMAH
GREENWOOD PLACE,BUKIT TIMAH
GREENWOOD TERRACE,BUKIT TIMAH
GREENWOOD WALK,BUKIT TIMAH
GROVE AVENUE,BUKIT TIMAH
GROVE CRESCENT,BUKIT TIMAH
GROVE DRIVE,BUKIT TIMAH
GUAN SOON AVENUE,TAMPINES
GUILLEMARD CRESCENT,GEYLANG
GUILLEMARD ROAD,GEYLANG
GUILLEMARD ROAD/JALAN MOLEK,GEYLANG
GUOK AVENUE,QUEENSTOWN
HACIENDA GROVE,BEDOK
HAIG AVENUE,MARINE PARADE
HAIG LANE,MARINE PARADE
HAIG ROAD,MARINE PARADE
HAIGSVILLE DRIVE,GEYLANG
HAI SING CRESCENT,HOUGANG
HAI SING ROAD,HOUGANG
HANDY ROAD,MUSEUM
HAPPY AVENUE CENTRAL,GEYLANG
HAPPY AVENUE EAST,GEYLANG
HAPPY AVENUE NORTH,GEYLANG
HARBOURFRONT AVENUE,BUKIT MERAH
HARLYN ROAD,NOVENA
HARTLEY GROVE,BEDOK
HARVEY AVENUE,TAMPINES
HARVEY CLOSE,TAMPINES
HARVEY CRESCENT,TAMPINES
HAVELOCK ROAD,TANGLIN
HAZEL PARK TERRACE,BUKIT PANJANG
HEMMANT ROAD,GEYLANG
HEMSLEY AVENUE,SERANGOON
HENDRY CLOSE,HOUGANG
HERTFORD ROAD,KALLANG
HIGHGATE CRESCENT,BUKIT TIMAH
HIGHGATE WALK,BUKIT TIMAH
HIGHLAND CLOSE,HOUGANG
HIGHLAND ROAD,HOUGANG
HIGHLAND TERRACE,HOUGANG
HIGHLAND WALK,HOUGANG
HILLCREST ROAD,BUKIT TIMAH
HILLSIDE DRIVE,HOUGANG
HILLSIDE TERRACE,HOUGANG
HILLVIEW AVENUE,BUKIT BATOK
HILLVIEW CRESCENT,BUKIT BATOK
HILLVIEW DRIVE,BUKIT BATOK
HILLVIEW RISE,BUKIT BATOK
HILLVIEW TERRACE,BUKIT BATOK
HILLVIEW WAY,BUKIT BATOK
HINDHEDE DRIVE,BUKIT PANJANG
HINDHEDE PLACE,BUKIT PANJANG
HINDHEDE WALK,BUKIT PANJANG
HOLLAND AVENUE,QUEENSTOWN
HOLLAND GREEN,BUKIT TIMAH
HOLLAND GROVE DRIVE,BUKIT TIMAH
HOLLAND GROVE LANE,BUKIT TIMAH
HOLLAND GROVE ROAD,BUKIT TIMAH
HOLLAND GROVE VIEW,BUKIT TIMAH
HOLLAND GROVE WALK,BUKIT TIMAH
HOLLAND HEIGHTS,TANGLIN
HOLLAND HILL,BUKIT TIMAH
HOLLAND PARK,BUKIT TIMAH
HOLLAND ROAD,BUKIT TIMAH
HOLLAND VILLAGE WAY,QUEENSTOWN
HOLT ROAD,TANGLIN
HONG LEE PLACE,HOUGANG
HONG SAN WALK,CHOA CHU KANG
HOOT KIAM ROAD,TANGLIN
HORNE ROAD,KALLANG
HOUGANG,HOUGANG
HOUGANG AVENUE 2,HOUGANG
HOUGANG AVENUE 7,HOUGANG
HOUGANG STREET 11,HOUGANG
HOUGANG STREET 32,HOUGANG
HOUGANG STREET 92,HOUGANG
HOW SUN AVENUE,SERANGOON
HOW SUN CLOSE,SERANGOON
HOW SUN DRIVE,SERANGOON
HOW SUN ROAD,SERANGOON
HOW SUN WALK,SERANGOON
HUA GUAN AVENUE,BUKIT TIMAH
HUA GUAN CRESCENT,BUKIT TIMAH
HUDDINGTON AVENUE,SERANGOON
HULLET ROAD,NEWTON
HUME AVENUE,BUKIT BATOK
HYTHE ROAD,SERANGOON
INDUS ROAD,BUKIT MERAH
INGGU ROAD,SEMBAWANG
INSTITUTION HILL,RIVER VALLEY
IPOH LANE,GEYLANG
IQBAL AVENUE,ANG MO KIO
IRRAWADDY ROAD,NOVENA
IRWELL HILL,RIVER VALLEY
ISLAND GARDENS WALK,BISHAN
JAGO CLOSE,MARINE PARADE
JALAN ADAT,NOVENA
JALAN AMPANG,BUKIT TIMAH
JALAN AMPAS,NOVENA
JALAN ANAK BUKIT,BUKIT TIMAH
JALAN ANAK PATONG,BEDOK
JALAN ANGGEREK,GEYLANG
JALAN ANGIN LAUT,TAMPINES
JALAN ANGKLONG,BISHAN
JALAN ANTOI,SERANGOON
JALAN ARIF,HOUGANG
JALAN ARNAP,RIVER VALLEY
JALAN ARUAN,NOVENA
JALAN ASAS,BUKIT PANJANG
JALAN ASUHAN,NOVENA
JALAN AWANG,BEDOK
JALAN AYER,KALLANG
JALAN AZAM,BEDOK
JALAN BAHASA,NOVENA
JALAN BAIDURI,BEDOK
JALAN BANGAU,SERANGOON
JALAN BANGKET,BUKIT TIMAH
JALAN BANGSAWAN,BEDOK
JALAN BATAI,ANG MO KIO
JALAN BATALONG,PASIR RIS
JALAN BATALONG EAST,PASIR RIS
JALAN BELANGKAS,GEYLANG
JALAN BELIBAS,BISHAN
JALAN BENA,CHANGI
JALAN BERJAYA,BISHAN
JALAN BINCHANG,BISHAN
JALAN BINGKA,BUKIT TIMAH
JALAN BINTANG TIGA,BEDOK
JALAN BUKIT HO SWEE,BUKIT MERAH
JALAN BULOH PERINDU,BEDOK
JALAN BUMBONG,SUNGEI KADUT
JALAN BUNGA RAMPAI,TOA PAYOH
JALAN CHEGAR,BISHAN
JALAN CHELAGI,PASIR RIS
JALAN CHEMPAH,BISHAN
JALAN CHEMPAKA KUNING,BEDOK
JALAN CHEMPAKA PUTEH,BEDOK
JALAN CHEMPEDAK,ANG MO KIO
JALAN CHENGAM,ANG MO KIO
JALAN CHENGKEK,GEYLANG
JALAN CHERMAI,SERANGOON
JALAN CHERMAT,SERANGOON
JALAN CHERPEN,SEMBAWANG
JALAN CHORAK,HOUGANG
JALAN CHULEK,SERANGOON
JALAN DATOH,NOVENA
JALAN DAUD,BEDOK
JALAN DEMAK,TAMPINES
JALAN DERMAWAN,BUKIT BATOK
JALAN DERUM,SEMBAWANG
JALAN DINDING,SUNGEI KADUT
JALAN DONDANG SAYANG,BEDOK
JALAN DUSUN,NOVENA
JALAN ELOK,NEWTON
JALAN EMAS URAI,BUKIT PANJANG
JALAN EUNOS,GEYLANG
JALAN GAPIS,SEMBAWANG
JALAN GELAM,SEMBAWANG
JALAN GELEGAR,SUNGEI KADUT
JALAN GELENGGANG,ANG MO KIO
JALAN GEMBIRA,TOA PAYOH
JALAN GENDANG,BISHAN
JALAN GENENG,HOUGANG
JALAN GIRANG,SERANGOON
JALAN GOTONG ROYONG,HOUGANG
JALAN GREJA,BEDOK
JALAN GRISEK,BEDOK
JALAN GUMILANG,BUKIT BATOK
JALAN HAJI ALIAS,BUKIT TIMAH
JALAN HAJIJAH,BEDOK
JALAN HAJI SALAM,BEDOK
JALAN HARI RAYA,BISHAN
JALAN HAROM SETANGKAI,TANGLIN
JALAN HARUM,BUKIT TIMAH
JALAN HIBORAN,TOA PAYOH
JALAN HIKAYAT,SEMBAWANG
JALAN HITAM MANIS,BUKIT TIMAH
JALAN HOCK CHYE,HOUGANG
JALAN HWI YOH,SERANGOON
JALAN IKAN MERAH,BISHAN
JALAN ILMU,NOVENA
JALAN INSAF,BISHAN
JALAN INTAN,BUKIT BATOK
JALAN ISHAK,BEDOK
JALAN ISMAIL,BEDOK
JALAN ISNIN,BISHAN
JALAN ISTIMEWA,BUKIT TIMAH
JALAN JAMAL,BEDOK
JALAN JAMBU AYER,BUKIT TIMAH
JALAN JAMBU BATU,BUKIT TIMAH
JALAN JAMBU MAWAR,BUKIT TIMAH
JALAN JARAK,SERANGOON
JALAN JELITA,BUKIT TIMAH
JALAN JENDELA,SUNGEI KADUT
JALAN JINTAN,NEWTON
JALAN JITONG,SERANGOON
JALAN JORAN,SERANGOON
JALAN JURONG KECHIL,BUKIT TIMAH
JALAN KAKATUA,BUKIT TIMAH
JALAN KAMPONG CHANTEK,BUKIT TIMAH
JALAN KASAU,SUNGEI KADUT
JALAN KATHI,BEDOK
JALAN KAYU,SENGKANG
JALAN KAYU MANIS,NEWTON
JALAN KEBAYA,BUKIT TIMAH
JALAN KECHOT,BEDOK
JALAN KECHUBONG,HOUGANG
JALAN KELAWAR,RIVER VALLEY
JALAN KELEMPONG,PASIR RIS
JALAN KELI,BISHAN
JALAN KELICHAP,HOUGANG
JALAN KELULUT,SERANGOON
JALAN KEMAJUAN,TOA PAYOH
JALAN KEMAMAN,NOVENA
JALAN KEMBANGAN,BEDOK
JALAN KEMBOJA,TOA PAYOH
JALAN KEMUNING,SEMBAWANG
JALAN KENARAH,SERANGOON
JALAN KERAYONG,SEMBAWANG
JALAN KERIA,BUKIT TIMAH
JALAN KERIS,BEDOK
JALAN KERUING,SERANGOON
JALAN KESOMA,SERANGOON
JALAN KETUMBIT,SERANGOON
JALAN KHAIRUDDIN,BEDOK
JALAN KHAMIS,BISHAN
JALAN KORBAN,HOUGANG
JALAN KRIAN,BEDOK
JALAN KUAK,BISHAN
JALAN KUALA,RIVER VALLEY
JALAN KUANG,TAMPINES
JALAN KUPANG,BEDOK
JALAN KURAS,ANG MO KIO
JALAN KURNIA,HOUGANG
JALAN LABU AYER,SERANGOON
JALAN LABU MANIS,SERANGOON
JALAN LABU MERAH,SERANGOON
JALAN LADA PUTEH,NEWTON
JALAN LAKUM,SERANGOON
JALAN LANA,BEDOK
JALAN LANGGAR BEDOK,BEDOK
JALAN LANJUT,ANG MO KIO
JALAN LAPANG,BEDOK
JALAN LATEH,SERANGOON
JALAN LAYANG LAYANG,BUKIT TIMAH
JALAN LEBAN,ANG MO KIO
JALAN LEBAT DAUN,SERANGOON
JALAN LEGUNDI,SEMBAWANG
JALAN LEKUB,SERANGOON
JALAN LEMBAH THOMSON,BISHAN
JALAN LEMPENG,CLEMENTI
JALAN LENGKOK SEMBAWANG,MANDAI
JALAN LEPAS,HOUGANG
JALAN LIMAU BALI,BEDOK
JALAN LIMAU KASTURI,BEDOK
JALAN LIMAU MANIS,BEDOK
JALAN LIMAU NIPIS,BEDOK
JALAN LIMAU PURUT,BEDOK
JALAN LIMBOK,HOUGANG
JALAN LIM TAI SEE,BUKIT TIMAH
JALAN LOKAM,HOUGANG
JALAN LOYANG BESAR,PASIR RIS
JALAN LYE KWEE,HOUGANG
JALAN MACHANG,SEMBAWANG
JALAN MAHIR,HOUGANG
JALAN MALU-MALU,SEMBAWANG
JALAN MANIS,BUKIT TIMAH
JALAN MARIAM,PASIR RIS
JALAN MASJID,BEDOK
JALAN MAS KUNING,CLEMENTI
JALAN MAS PUTEH,CLEMENTI
JALAN MASTULI,HOUGANG
JALAN MATA AYER,MANDAI
JALAN MAT JAMBOL,QUEENSTOWN
JALAN MAWAR,BUKIT TIMAH
JALAN MELATI,TANGLIN
JALAN MELOR,GEYLANG
JALAN MEMBINA,BUKIT MERAH
JALAN MENARONG,ANG MO KIO
JALAN MENGKUDU,ANG MO KIO
JALAN MERAH SAGA,BUKIT TIMAH
JALAN MERDU,SENGKANG
JALAN MERLIMAU,NOVENA
JALAN MESRA,TOA PAYOH
JALAN MINGGU,BISHAN
JALAN MUHIBBAH,TOA PAYOH
JALAN MULIA,TOA PAYOH
JALAN MUTIARA,TANGLIN
JALAN NAGA SARI,BUKIT TIMAH
JALAN NAUNG,HOUGANG
JALAN NIPAH,BEDOK
JALAN NOVENA,NOVENA
JALAN NOVENA BARAT,NOVENA
JALAN NOVENA SELATAN,NOVENA
JALAN NOVENA TIMOR,NOVENA
JALAN NOVENA UTARA,NOVENA
JALAN PACHELI,SERANGOON
JALAN PAKIS,BUKIT PANJANG
JALAN PANDAN,BUKIT TIMAH
JALAN PARAS,BEDOK
JALAN PARI BURONG,BEDOK
JALAN PARI DEDAP,BEDOK
JALAN PARI KIKIS,BEDOK
JALAN PARI UNAK,BEDOK
JALAN PASIRAN,NOVENA
JALAN PASIR RIA,QUEENSTOWN
JALAN PELAJAU,SERANGOON
JALAN PELANGI,BUKIT TIMAH
JALAN PELATINA,BISHAN
JALAN PELATOK,TAMPINES
JALAN PELEPAH,QUEENSTOWN
JALAN PELIKAT,HOUGANG
JALAN PEMIMPIN,BISHAN
JALAN PERADUN,SERANGOON
JALAN PERGAM,TAMPINES
JALAN PERNAMA,CHANGI
JALAN PINTAU,BISHAN
JALAN POKOK SERUNAI,BEDOK
JALAN PUNAI,BEDOK
JALAN PUTERI JULA JULI,BEDOK
JALAN RABU,BISHAN
JALAN RAHMAT,BEDOK
JALAN RAJAH,NOVENA
JALAN RAJA UDANG,NOVENA
JALAN RAJAWALI,BUKIT TIMAH
JALAN RAMA RAMA,NOVENA
JALAN RASOK,SUNGEI KADUT
JALAN RAYA,BISHAN
JALAN REBANA,BISHAN
JALAN REDOP,SERANGOON
JALAN REMAJA,BUKIT BATOK
JALAN REMIS,BEDOK
JALAN RENGAS,SERANGOON
JALAN RENGKAM,HOUGANG
JALAN RESAK,SERANGOON
JALAN RIA,QUEENSTOWN
JALAN RIANG,SERANGOON
JALAN RIMAU,BEDOK
JALAN RINDU,SERANGOON
JALAN RUKAM,ANG MO KIO
JALAN RUMBIA,MUSEUM
JALAN SAHABAT,HOUGANG
JALAN SAJAK,SEMBAWANG
JALAN SALANG,SEMBAWANG
JALAN SAMARINDA,HOUGANG
JALAN SAMPURNA,BUKIT TIMAH
JALAN SANKAM,SEMBAWANG
JALAN SAPPAN,ANG MO KIO
JALAN SAUDARA KU,BEDOK
JALAN SAYANG,BEDOK
JALAN SEAVIEW,MARINE PARADE
JALAN SEDAP,MARINE PARADE
JALAN SEGAM,TAMPINES
JALAN SEJARAH,NOVENA
JALAN SELAMAT,BEDOK
JALAN SELANTING,BUKIT TIMAH
JALAN SELASEH,SERANGOON
JALAN SELENDANG DELIMA,BEDOK
JALAN SEMBILANG,BISHAN
JALAN SEMERBAK,KALLANG
JALAN SEMPADAN,BEDOK
JALAN SENANG,BEDOK
JALAN SENDUDOK,SEMBAWANG
JALAN SENI,NOVENA
JALAN SENTOSA,BEDOK
JALAN SENYUM,BEDOK
JALAN SERENGAM,SEMBAWANG
JALAN SERULING,BISHAN
JALAN SETIA,TOA PAYOH
JALAN SHAER,SEMBAWANG
JALAN SIANTAN,BUKIT TIMAH
JALAN SIAP,BUKIT PANJANG
JALAN SIMPANG BEDOK,BEDOK
JALAN SINAR BINTANG,PASIR RIS
JALAN SINAR BULAN,PASIR RIS
JALAN SINDOR,SERANGOON
JALAN SINGA,BEDOK
JALAN SONGKET,HOUGANG
JALAN SOO BEE,TAMPINES
JALAN SOTONG,BEDOK
JALAN SUASA,BUKIT PANJANG
JALAN SUKACHITA,SERANGOON
JALAN SULTAN,KALLANG
JALAN TAMAN,KALLANG
JALAN TAMBAN,BEDOK
JALAN TAMBUR,BISHAN
JALAN TANAH PUTEH,BEDOK
JALAN TANAH RATA,BEDOK
JALAN TANI,HOUGANG
JALAN TANJONG,BEDOK
JALAN TARI DULANG,SENGKANG
JALAN TARI PAYONG,SENGKANG
JALAN TARI PIRING,SENGKANG
JALAN TARI SERIMPI,SENGKANG
JALAN TARI ZAPIN,SENGKANG
JALAN TARUM,ANG MO KIO
JALAN TELANG,ANG MO KIO
JALAN TELIPOK,SEMBAWANG
JALAN TELITI,HOUGANG
JALAN TEMBUSU,MARINE PARADE
JALAN TEMPUA,NOVENA
JALAN TENANG,BUKIT TIMAH
JALAN TENGGIRI,BEDOK
JALAN TENON,HOUGANG
JALAN TERANG BULAN,BEDOK
JALAN TERUBOK,BISHAN
JALAN TIGA RATUS,TAMPINES
JALAN TUA KONG,BEDOK
JALAN TUMPU,BUKIT PANJANG
JALAN TUPAI,RIVER VALLEY
JALAN UJI,BUKIT PANJANG
JALAN ULU SEMBAWANG,MANDAI
JALAN ULU SIGLAP,BEDOK
JALAN UNGGAS,NOVENA
JALAN USAHA,HOUGANG
JALAN WAJEK,BUKIT TIMAH
JALAN WAKAFF,BEDOK
JALAN WANGI,TOA PAYOH
JALAN WARINGIN,BEDOK
JALAN YASIN,BEDOK
JALAN ZAMRUD,BUKIT BATOK
JAMBOL PLACE,QUEENSTOWN
JAMBOL WALK,QUEENSTOWN
JANSEN ROAD,HOUGANG
JASMINE ROAD,BISHAN
JEDBURGH GARDENS,BEDOK
JELEBU ROAD,BUKIT PANJANG
JELLICOE ROAD,KALLANG
JERVOIS CLOSE,TANGLIN
JERVOIS LANE,BUKIT MERAH
JERVOIS ROAD,TANGLIN
JIAK KIM STREET,SINGAPORE RIVER
JOO AVENUE,KALLANG
JOO CHIAT AVENUE,BEDOK
JOO CHIAT LANE,GEYLANG
JOO CHIAT PLACE,BEDOK
JOO CHIAT ROAD,MARINE PARADE
JOO CHIAT TERRACE,GEYLANG
JOO CHIAT WALK,BEDOK
JOO HONG ROAD,HOUGANG
JOON HIANG ROAD,SERANGOON
JUBILEE ROAD,CLEMENTI
JUPITER ROAD,BISHAN
JURONG EAST,JURONG EAST
JURONG EAST AVENUE 1,JURONG EAST
JURONG EAST CENTRAL 1,JURONG EAST
JURONG EAST STREET 13,JURONG EAST
JURONG EAST STREET 32,JURONG EAST
JURONG LAKE LINK,JURONG WEST
JURONG WEST,JURONG WEST
JURONG WEST CENTRAL 3,JURONG WEST
JURONG WEST STREET 41,JURONG WEST
KALIDASA AVENUE,ANG MO KIO
KALLANG ROAD,GEYLANG
KALLANG/WHAMPOA,KALLANG
KAMPONG BAHRU ROAD,BUKIT MERAH
KAMPONG BUGIS,KALLANG
KAMPONG EUNOS,BEDOK
KAMPONG JAVA ROAD,NOVENA
KANDIS LINK,SEMBAWANG
KANDIS WALK,SEMBAWANG
KANG CHOO BIN ROAD,HOUGANG
KANG CHOO BIN WALK,HOUGANG
KARIKAL LANE,BEDOK
KASAI ROAD,SERANGOON
KAY POH ROAD,TANGLIN
KEE CHOE AVENUE,TOA PAYOH
KEE SENG STREET,OUTRAM
KEE SUN AVENUE,BEDOK
KELLOCK ROAD,TANGLIN
KELULUT HILL,SERANGOON
KENANGA AVENUE,TOA PAYOH
KENG CHEOW STREET,SINGAPORE RIVER
KENG CHIN ROAD,TANGLIN
KENG LEE ROAD,NOVENA
KENSINGTON PARK DRIVE,SERANGOON
KENSINGTON PARK ROAD,SERANGOON
KENT ROAD,QUEENSTOWN
KEPPEL BAY DRIVE,BUKIT MERAH
KEPPEL BAY VIEW,BUKIT MERAH
KERIS DRIVE,BEDOK
KERONG LANE,SEMBAWANG
KERONG WALK,SEMBAWANG
KEW AVENUE,BEDOK
KEW CRESCENT,BEDOK
KEW DRIVE,BEDOK
KEW HEIGHTS,BEDOK
KEW LANE,BEDOK
KEW TERRACE,BEDOK
KEW WALK,BEDOK
KHEAM HOCK ROAD,NOVENA
KHIANG GUAN AVENUE,NOVENA
KILLINEY ROAD,ORCHARD
KIM KEAT CLOSE,NOVENA
KIM KEAT LANE,NOVENA
KIM KEAT ROAD,NOVENA
KIM SENG ROAD,SINGAPORE RIVER
KIM SENG WALK,SINGAPORE RIVER
KIM TIAN ROAD,BUKIT MERAH
KIM YAM ROAD,RIVER VALLEY
KING ALBERT PARK,BUKIT TIMAH
KING'S CLOSE,BUKIT TIMAH
KING'S DRIVE,BUKIT TIMAH
KINGSMEAD ROAD,BUKIT TIMAH
KING'S ROAD,BUKIT TIMAH
KING'S WALK,BUKIT TIMAH
KINGSWEAR AVENUE,SERANGOON
KISMIS AVENUE,BUKIT TIMAH
KISMIS GREEN,BUKIT TIMAH
KISMIS PLACE,BUKIT TIMAH
KISMIS ROAD,BUKIT TIMAH
KITCHENER LINK,KALLANG
KOON SENG ROAD,GEYLANG
KOVAN CLOSE,HOUGANG
KOVAN RISE,HOUGANG
KOVAN ROAD,HOUGANG
KURAU PLACE,BEDOK
KURAU TERRACE,BEDOK
KWONG AVENUE,TOA PAYOH
LADY HILL ROAD,TANGLIN
LAKEPOINT DRIVE,JURONG WEST
LAKESHORE VIEW,SOUTHERN ISLANDS
LAKESIDE DRIVE,JURONG WEST
LAKME STREET,BEDOK
LAKME TERRACE,BEDOK
LANGE ROAD,HOUGANG
LANGSAT ROAD,GEYLANG
LANTANA AVENUE,BUKIT TIMAH
LA SALLE STREET,BEDOK
LASIA AVENUE,BUKIT TIMAH
LAVENDER STREET,KALLANG
LEEDON HEIGHTS,BUKIT TIMAH
LEEDON PARK,BUKIT TIMAH
LEEDON ROAD,BUKIT TIMAH
LEICESTER ROAD,TOA PAYOH
LEITH PARK,HOUGANG
LEITH ROAD,HOUGANG
LEMON AVENUE,BUKIT TIMAH
LENGKOK MARIAM,PASIR RIS
LENGKOK MERAK,RIVER VALLEY
LENGKONG DUA,BEDOK
LENGKONG EMPAT,BEDOK
LENGKONG ENAM,BEDOK
LENGKONG LIMA,BEDOK
LENGKONG SATU,BEDOK
LENGKONG TIGA,BEDOK
LENGKONG TUJOH,BEDOK
LENTOR CENTRAL,ANG MO KIO
LENTOR CRESCENT,ANG MO KIO
LENTOR DRIVE,ANG MO KIO
LENTOR GARDENS,ANG MO KIO
LENTOR GREEN,ANG MO KIO
LENTOR GROVE,ANG MO KIO
LENTOR HILLS ROAD,ANG MO KIO
LENTOR LANE,ANG MO KIO
LENTOR LINK,ANG MO KIO
LENTOR LOOP,ANG MO KIO
LENTOR PLACE,ANG MO KIO
LENTOR PLAIN,ANG MO KIO
LENTOR STREET,ANG MO KIO
LENTOR TERRACE,ANG MO KIO
LENTOR VALE,ANG MO KIO
LENTOR WALK,ANG MO KIO
LENTOR WAY,ANG MO KIO
LEO DRIVE,BISHAN
LEONIE HILL,RIVER VALLEY
LEONIE HILL ROAD,RIVER VALLEY
LERMIT ROAD,TANGLIN
LEWIS ROAD,TANGLIN
LEW LIAN VALE,SERANGOON
LIANG SEAH STREET,DOWNTOWN CORE
LIBRA DRIVE,BISHAN
LICHFIELD ROAD,SERANGOON
LICHI AVENUE,TOA PAYOH
LI HWAN CLOSE,SERANGOON
LI HWAN DRIVE,SERANGOON
LI HWAN PLACE,SERANGOON
LI HWAN TERRACE,SERANGOON
LI HWAN VIEW,SERANGOON
LI HWAN WALK,SERANGOON
LILAC DRIVE,SERANGOON
LILAC ROAD,SERANGOON
LILAC WALK,SERANGOON
LILY AVENUE,BUKIT TIMAH
LIM AH PIN ROAD,HOUGANG
LIM AH WOO ROAD,GEYLANG
LIMAU GARDEN,BEDOK
LIMAU GROVE,BEDOK
LIMAU RISE,BEDOK
LIMAU TERRACE,BEDOK
LIMAU WALK,BEDOK
LIMBOK TERRACE,HOUGANG
LIM CHU KANG,LIM CHU KANG
LIM TAI SEE WALK,BUKIT TIMAH
LIM TECK BOO ROAD,HOUGANG
LIM TUA TOW ROAD,SERANGOON
LINCOLN ROAD,NOVENA
LINDEN DRIVE,BUKIT TIMAH
LI PO AVENUE,ANG MO KIO
LLOYD ROAD,RIVER VALLEY
LORNIE ROAD,NOVENA
LORNIE WALK,NOVENA
LORONG 101 CHANGI,GEYLANG
LORONG 102 CHANGI,GEYLANG
LORONG 105 CHANGI,GEYLANG
LORONG 106 CHANGI,GEYLANG
LORONG 107 CHANGI,GEYLANG
LORONG 108 CHANGI,GEYLANG
LORONG 10 GEYLANG,GEYLANG
LORONG 110 CHANGI,BEDOK
LORONG 12 GEYLANG,GEYLANG
LORONG 13 GEYLANG,GEYLANG
LORONG 14 GEYLANG,GEYLANG
LORONG 15 GEYLANG,GEYLANG
LORONG 16 GEYLANG,GEYLANG
LORONG 17 GEYLANG,GEYLANG
LORONG 19 GEYLANG,GEYLANG
LORONG 1 REALTY PARK,HOUGANG
LORONG 1 TOA PAYOH,TOA PAYOH
LORONG 20 GEYLANG,GEYLANG
LORONG 21 GEYLANG,GEYLANG
LORONG 22 GEYLANG,GEYLANG
LORONG 24A GEYLANG,GEYLANG
LORONG 24 GEYLANG,GEYLANG
LORONG 25A GEYLANG,GEYLANG
LORONG 25 GEYLANG,GEYLANG
LORONG 26 GEYLANG,GEYLANG
LORONG 27A GEYLANG,GEYLANG
LORONG 27 GEYLANG,GEYLANG
LORONG 28 GEYLANG,GEYLANG
LORONG 29 GEYLANG,GEYLANG
LORONG 30 GEYLANG,GEYLANG
LORONG 31 GEYLANG,GEYLANG
LORONG 32 GEYLANG,GEYLANG
LORONG 33 GEYLANG,GEYLANG
LORONG 34 GEYLANG,GEYLANG
LORONG 35 GEYLANG,GEYLANG
LORONG 36 GEYLANG,GEYLANG
LORONG 37 GEYLANG,GEYLANG
LORONG 38 GEYLANG,GEYLANG
LORONG 39 GEYLANG,GEYLANG
LORONG 3 GEYLANG,KALLANG
LORONG 3 TOA PAYOH,TOA PAYOH
LORONG 40 GEYLANG,GEYLANG
LORONG 42 GEYLANG,GEYLANG
LORONG 4 GEYLANG,GEYLANG
LORONG 5 REALTY PARK,HOUGANG
LORONG 5 TOA PAYOH,TOA PAYOH
LORONG 6 GEYLANG,GEYLANG
LORONG 6 REALTY PARK,HOUGANG
LORONG 7 GEYLANG,GEYLANG
LORONG 7 REALTY PARK,HOUGANG
LORONG 8 GEYLANG,GEYLANG
LORONG 9 GEYLANG,GEYLANG
LORONG ABU TALIB,BEDOK
LORONG AH SOO,HOUGANG
LORONG AMPAS,NOVENA
LORONG BANDANG,BEDOK
LORONG BIAWAK,SERANGOON
LORONG BUANG KOK,HOUGANG
LORONG BUNGA,TOA PAYOH
LORONG CHUAN,SERANGOON
LORONG GAMBIR,SERANGOON
LORONG G TELOK KURAU,BEDOK
LORONG HOW SUN,SERANGOON
LORONG H TELOK KURAU,BEDOK
LORONG J TELOK KURAU,BEDOK
LORONG KEMBANG,TOA PAYOH
LORONG KEMBANGAN,BEDOK
LORONG KILAT,BUKIT TIMAH
LORONG KISMIS,BUKIT TIMAH
LORONG K TELOK KURAU,BEDOK
LORONG LEW LIAN,SERANGOON
LORONG LIMAU,NOVENA
LORONG L TELOK KURAU,BEDOK
LORONG MARICAN,BEDOK
LORONG MARZUKI,BEDOK
LORONG MELAYU,BEDOK
LORONG M TELOK KURAU,BEDOK
LORONG MYDIN,BEDOK
LORONG NANGKA,MARINE PARADE
LORONG N TELOK KURAU,BEDOK
LORONG ONG LYE,SERANGOON
LORONG PAYA LEBAR,TOA PAYOH
LORONG PISANG ASAM,BUKIT TIMAH
LORONG PISANG BATU,BUKIT TIMAH
LORONG PISANG EMAS,BUKIT TIMAH
LORONG PISANG HIJAU,BUKIT TIMAH
LORONG PISANG RAJA,BUKIT TIMAH
LORONG PISANG UDANG,BUKIT TIMAH
LORONG PUNTONG,BISHAN
LORONG SALLEH,BEDOK
LORONG SARHAD,QUEENSTOWN
LORONG SARI,QUEENSTOWN
LORONG SARINA,BEDOK
LORONG SELANGAT,SERANGOON
LORONG SIGLAP,BEDOK
LORONG STANGEE,MARINE PARADE
LORONG TAHAR,GEYLANG
LORONG TANGGAM,SENGKANG
LOTUS AVENUE,BUKIT TIMAH
LOWER DELTA ROAD,BUKIT MERAH
LOWLAND ROAD,HOUGANG
LOYANG AVENUE,PASIR RIS
LOYANG BESAR CLOSE,PASIR RIS
LOYANG PLACE,PASIR RIS
LOYANG RISE,PASIR RIS
LOYANG VIEW,PASIR RIS
LUCKY CRESCENT,BEDOK
LUCKY GARDENS,BEDOK
LUCKY HEIGHTS,BEDOK
LUCKY RISE,BEDOK
LUCKY VIEW,BEDOK
LUDLOW PLACE,SERANGOON
LUTHERAN ROAD,BUKIT TIMAH
LUXUS HILL AVENUE,SERANGOON
LUXUS HILL DRIVE,SERANGOON
LUXUS HILL VIEW,SERANGOON
LYNDHURST ROAD,MARINE PARADE
LYNWOOD GROVE,SERANGOON
MACKENZIE ROAD,NEWTON
MACKERROW ROAD,SERANGOON
MACPHERSON ROAD,GEYLANG
MAKEPEACE ROAD,NOVENA
MAKEWAY AVENUE,NOVENA
MANDALAY ROAD,NOVENA
MANGIS ROAD,GEYLANG
MAPLE AVENUE,BUKIT TIMAH
MAPLE LANE,BUKIT TIMAH
MARGARET DRIVE,QUEENSTOWN
MARGATE ROAD,MARINE PARADE
MARGOLIOUTH ROAD,TANGLIN
MARIA AVENUE,BEDOK
MARIAM CLOSE,PASIR RIS
MARIAM WALK,PASIR RIS
MARIAM WAY,PASIR RIS
MARIGOLD DRIVE,BISHAN
MARINA BOULEVARD,DOWNTOWN CORE
MARINA WAY,DOWNTOWN CORE
MARINE PARADE,MARINE PARADE
MARINE PARADE ROAD,BEDOK
MARINE VISTA,BEDOK
MARLENE AVENUE,SERANGOON
MARNE ROAD,KALLANG
MARSHALL ROAD,MARINE PARADE
MARTABAN ROAD,NOVENA
MAR THOMA ROAD,KALLANG
MARTIA ROAD,BEDOK
MARTIN PLACE,RIVER VALLEY
MARTIN ROAD,RIVER VALLEY
MARYLAND DRIVE,BUKIT TIMAH
MARYMOUNT TERRACE,BISHAN
MAS KUNING TERRACE,CLEMENTI
MATLOCK RISE,SERANGOON
MATTAR ROAD,GEYLANG
MAYFIELD AVENUE,MARINE PARADE
MAYFLOWER CRESCENT,ANG MO KIO
MAYFLOWER DRIVE,ANG MO KIO
MAYFLOWER LANE,ANG MO KIO
MAYFLOWER PLACE,ANG MO KIO
MAYFLOWER RISE,ANG MO KIO
MAYFLOWER ROAD,ANG MO KIO
MAYFLOWER TERRACE,ANG MO KIO
MAYFLOWER WAY,ANG MO KIO
MCCALLUM STREET,DOWNTOWN CORE
MEDWAY DRIVE,SERANGOON
MEI HWAN CRESCENT,SERANGOON
MEI HWAN DRIVE,SERANGOON
MEI HWAN ROAD,SERANGOON
MELROSE DRIVE,SERANGOON
MENG SUAN ROAD,YISHUN
MERAGI CLOSE,TAMPINES
MERAGI ROAD,TAMPINES
MERAGI TERRACE,TAMPINES
MERGUI ROAD,KALLANG
MERINO CRESCENT,QUEENSTOWN
MERRYN AVENUE,NOVENA
MERRYN DRIVE,NOVENA
MERRYN ROAD,NOVENA
MERRYN TERRACE,NOVENA
METROPOLE DRIVE,BEDOK
MEYAPPA CHETTIAR ROAD,TOA PAYOH
MEYER PLACE,MARINE PARADE
MEYER ROAD,MARINE PARADE
MIDDLE ROAD,ROCHOR
MILTONIA CLOSE,YISHUN
MIMOSA CRESCENT,SERANGOON
MIMOSA DRIVE,SERANGOON
MIMOSA PLACE,SERANGOON
MIMOSA ROAD,SERANGOON
MIMOSA TERRACE,SERANGOON
MIMOSA VALE,SERANGOON
MIMOSA VIEW,SERANGOON
MIMOSA WALK,SERANGOON
MINARET WALK,BEDOK
MINBU ROAD,NOVENA
MING TECK PARK,BUKIT TIMAH
MISTRI ROAD,DOWNTOWN CORE
MOHAMED SULTAN ROAD,RIVER VALLEY
MOONBEAM DRIVE,BUKIT TIMAH
MOONBEAM TERRACE,BUKIT TIMAH
MOONBEAM VIEW,BUKIT TIMAH
MOONBEAM WALK,BUKIT TIMAH
MOONSTONE LANE,KALLANG
MORETON CLOSE,SERANGOON
MOULMEIN RISE,NOVENA
MOULMEIN ROAD,NOVENA
MOUNTBATTEN ROAD,MARINE PARADE
MOUNT ECHO PARK,TANGLIN
MOUNT ELIZABETH,NOVENA
MOUNT EMILY ROAD,ROCHOR
MOUNT FABER ROAD,BUKIT MERAH
MOUNT ROSIE ROAD,NOVENA
MOUNT SINAI AVENUE,BUKIT TIMAH
MOUNT SINAI CRESCENT,BUKIT TIMAH
MOUNT SINAI DRIVE,BUKIT TIMAH
MOUNT SINAI LANE,BUKIT TIMAH
MOUNT SINAI PLAIN,BUKIT TIMAH
MOUNT SINAI RISE,BUKIT TIMAH
MOUNT SINAI ROAD,BUKIT TIMAH
MOUNT SINAI VIEW,BUKIT TIMAH
MOUNT SINAI WALK,BUKIT TIMAH
MOUNT SOPHIA,ROCHOR
MOUNT VERNON ROAD,TOA PAYOH
MUGLISTON PARK,HOUGANG
MUGLISTON ROAD,MARINE PARADE
MUGLISTON WALK,HOUGANG
MULBERRY AVENUE,TOA PAYOH
MUNSHI ABDULLAH AVENUE,ANG MO KIO
MUNSHI ABDULLAH WALK,ANG MO KIO
MUSWELL HILL,SERANGOON
NALLUR ROAD,BEDOK
NAMLY AVENUE,BUKIT TIMAH
NAMLY CRESCENT,BUKIT TIMAH
NAMLY DRIVE,BUKIT TIMAH
NAMLY GARDEN,BUKIT TIMAH
NAMLY HILL,BUKIT TIMAH
NAMLY PLACE,BUKIT TIMAH
NAMLY RISE,BUKIT TIMAH
NAMLY VIEW,BUKIT TIMAH
NAPIER ROAD,TANGLIN
NASSIM HILL,TANGLIN
NASSIM ROAD,TANGLIN
NATHAN ROAD,TANGLIN
NEE SOON ROAD,YISHUN
NEIL ROAD,BUKIT MERAH
NEMESU AVENUE,ANG MO KIO
NEO PEE TECK LANE,QUEENSTOWN
NERAM CRESCENT,SERANGOON
NERAM ROAD,SERANGOON
NEW BRIDGE ROAD,OUTRAM
NEWTON ROAD,NOVENA
NIM DRIVE,SERANGOON
NIM GREEN,SERANGOON
NIM RISE,SERANGOON
NIM ROAD,SERANGOON
NIM TERRACE,SERANGOON
NIVEN ROAD,ROCHOR
NORFOLK ROAD,KALLANG
NORMANTON PARK,QUEENSTOWN
NORMA TERRACE,BEDOK
NORTH BRIDGE ROAD,ROCHOR
NORTHUMBERLAND ROAD,KALLANG
NOVENA RISE,NOVENA
NOVENA TERRACE,NOVENA
OAK AVENUE,BUKIT TIMAH
OAKWOOD GROVE,WOODLANDS
OCEAN DRIVE,SOUTHERN ISLANDS
OCEAN WAY,SOUTHERN ISLANDS
OEI TIONG HAM PARK,BUKIT TIMAH
OLD HOLLAND ROAD,BUKIT TIMAH
OLD UPPER THOMSON ROAD,CENTRAL WATER CATCHMENT
OLIVE ROAD,NOVENA
OMAR KHAYYAM AVENUE,ANG MO KIO
ONAN ROAD,GEYLANG
ONE-NORTH GATEWAY,QUEENSTOWN
ONE TREE HILL,RIVER VALLEY
ONTARIO AVENUE,BISHAN
OPAL CRESCENT,KALLANG
ORANGE GROVE ROAD,TANGLIN
ORCHARD BOULEVARD,RIVER VALLEY
ORCHARD ROAD,ORCHARD
ORCHID DRIVE,BISHAN
ORIOLE CRESCENT,BUKIT TIMAH
OUTRAM ROAD,OUTRAM
OWEN ROAD,KALLANG
OXFORD ROAD,KALLANG
OXLEY GARDEN,RIVER VALLEY
OXLEY RISE,MUSEUM
OXLEY ROAD,ORCHARD
OXLEY WALK,RIVER VALLEY
PADANG CHANCERY,NOVENA
PALM AVENUE,BEDOK
PALM DRIVE,BEDOK
PALM GROVE AVENUE,HOUGANG
PALM ROAD,BEDOK
PANDAN VALLEY,BUKIT TIMAH
PANG SENG ROAD,TOA PAYOH
PARADISE ISLAND,SOUTHERN ISLANDS
PARBURY AVENUE,BEDOK
PARI DEDAP WALK,BEDOK
PARK ROAD,SERANGOON
PARKSTONE ROAD,MARINE PARADE
PARK VALE,BUKIT TIMAH
PARK VILLAS GREEN,HOUGANG
PARK VILLAS RISE,HOUGANG
PARK VILLAS TERRACE,HOUGANG
PARRY AVENUE,HOUGANG
PARRY ROAD,HOUGANG
PARRY TERRACE,HOUGANG
PARRY VIEW,HOUGANG
PARRY WALK,HOUGANG
PASIR PANJANG CLOSE,QUEENSTOWN
PASIR PANJANG DRIVE,QUEENSTOWN
PASIR PANJANG HILL,QUEENSTOWN
PASIR PANJANG ROAD,QUEENSTOWN
PASIR RIS,PASIR RIS
PASIR RIS AVENUE,PASIR RIS
PASIR RIS DRIVE 1,PASIR RIS
PASIR RIS DRIVE 3,PASIR RIS
PASIR RIS DRIVE 4,PASIR RIS
PASIR RIS DRIVE 8,PASIR RIS
PASIR RIS GROVE,PASIR RIS
PASIR RIS HEIGHTS,PASIR RIS
PASIR RIS LINK,PASIR RIS
PASIR RIS RISE,PASIR RIS
PASIR RIS ROAD,PASIR RIS
PASIR RIS STREET 72,PASIR RIS
PASIR RIS TERRACE,PASIR RIS
PASIR RIS VIEW,PASIR RIS
PASIR RIS WAY,PASIR RIS
PATERSON HILL,RIVER VALLEY
PATERSON ROAD,RIVER VALLEY
PAVILION CIRCLE,BUKIT BATOK
PAVILION GREEN,BUKIT BATOK
PAVILION GROVE,BUKIT BATOK
PAVILION PLACE,BUKIT BATOK
PAVILION RISE,BUKIT BATOK
PAVILION STREET,BUKIT BATOK
PAVILION VIEW,BUKIT BATOK
PAYA LEBAR CRESCENT,HOUGANG
PAYA LEBAR PLACE,HOUGANG
PAYA LEBAR ROAD,TOA PAYOH
PAYA LEBAR STREET,TOA PAYOH
PAYA LEBAR WALK,HOUGANG
PEACH GARDEN,MARINE PARADE
PEAKVILLE AVENUE,BEDOK
PEAKVILLE GROVE,BEDOK
PEAKVILLE TERRACE,BEDOK
PEAKVILLE WALK,BEDOK
PEARL BANK,OUTRAM
PEARL ISLAND,SOUTHERN ISLANDS
PECK HAY ROAD,NEWTON
PEGU ROAD,NOVENA
PEIRCE HILL,TANGLIN
PEIRCE ROAD,TANGLIN
PEMIMPIN DRIVE,BISHAN
PEMIMPIN PLACE,BISHAN
PEMIMPIN TERRACE,BISHAN
PENAGA PLACE,SEMBAWANG
PENNEFATHER ROAD,MARINE PARADE
PENSHURST PLACE,SERANGOON
PEPYS ROAD,QUEENSTOWN
PERUMAL ROAD,KALLANG
PETAIN ROAD,KALLANG
PETIR ROAD,BUKIT PANJANG
PHENG GECK AVENUE,TOA PAYOH
PHILLIPS AVENUE,HOUGANG
PHOENIX AVENUE,BUKIT BATOK
PHOENIX GARDEN,BUKIT BATOK
PHOENIX ROAD,BUKIT BATOK
PHOENIX WALK,BUKIT BATOK
PILLAI ROAD,SERANGOON
PINE GROVE,BUKIT TIMAH
PINEWOOD GROVE,WOODLANDS
PLANTATION AVENUE,SERANGOON
PLANTATION CLOSE,TENGAH
PLATINA ROAD,MANDAI
POH HUAT CRESCENT,HOUGANG
POH HUAT DRIVE,HOUGANG
POH HUAT ROAD,HOUGANG
POH HUAT ROAD WEST,HOUGANG
POH HUAT TERRACE,HOUGANG
POLLEN CRESCENT,SERANGOON
POLLEN PLACE,SERANGOON
POLLEN VIEW,SERANGOON
POLLEN WALK,SERANGOON
PONGGOL SEVENTEENTH AVENUE,PUNGGOL
PONGGOL TWENTY-FOURTH AVENUE,PUNGGOL
POOLE ROAD,MARINE PARADE
PORTCHESTER AVENUE,SERANGOON
POTONG PASIR AVENUE 1,TOA PAYOH
PRIMROSE AVENUE,BEDOK
PRINCE CHARLES CRESCENT,BUKIT MERAH
PRINCE EDWARD ROAD,DOWNTOWN CORE
PRINCE OF WALES ROAD,BUKIT TIMAH
PRINCESS OF WALES ROAD,BUKIT TIMAH
PRINSEP LINK,ROCHOR
PROME ROAD,NOVENA
PUAY HEE AVENUE,TOA PAYOH
PULASAN ROAD,MARINE PARADE
PUNGGOL,PUNGGOL
PUNGGOL CENTRAL,PUNGGOL
PUNGGOL DRIVE,SELETAR
PUNGGOL FIELD,PUNGGOL
PUNGGOL FIELD WALK,PUNGGOL
PUNGGOL ROAD,PUNGGOL
PUNGGOL WALK,PUNGGOL
QUEEN ASTRID GARDENS,BUKIT TIMAH
QUEEN ASTRID PARK,BUKIT TIMAH
QUEEN'S ROAD,BUKIT TIMAH
QUEENSTOWN,QUEENSTOWN
QUEENSWAY,QUEENSTOWN
RACE COURSE LANE,ROCHOR
RACE COURSE ROAD,KALLANG
RAGLAN GROVE,SERANGOON
RAMBAI ROAD,MARINE PARADE
RAMBUTAN ROAD,GEYLANG
RAMSGATE ROAD,MARINE PARADE
RANGOON ROAD,KALLANG
REBECCA ROAD,BUKIT TIMAH
RECREATION LANE,SERANGOON
RECREATION ROAD,SERANGOON
REDWOOD AVENUE,BUKIT TIMAH
RHU CROSS,MARINA EAST
RICHARDS AVENUE,HOUGANG
RICHARDS PLACE,HOUGANG
RIDGEWOOD CLOSE,BUKIT TIMAH
RIDLEY PARK,TANGLIN
RIENZI STREET,BEDOK
RIFLE RANGE ROAD,BUKIT PANJANG
RINGWOOD ROAD,MARINE PARADE
RIPLEY CRESCENT,SERANGOON
RIVERINA CRESCENT,PASIR RIS
RIVERINA VIEW,PASIR RIS
RIVERINA WALK,PASIR RIS
RIVERVALE CRESCENT,SENGKANG
RIVERVALE LINK,SENGKANG
RIVER VALLEY CLOSE,RIVER VALLEY
RIVER VALLEY GROVE,RIVER VALLEY
RIVER VALLEY ROAD,TANGLIN
RIVIERA DRIVE,BEDOK
ROBERTSON QUAY,SINGAPORE RIVER
ROBEY CRESCENT,HOUGANG
ROBIN CLOSE,TANGLIN
ROBIN DRIVE,TANGLIN
ROBIN LANE,TANGLIN
ROBIN ROAD,TANGLIN
ROBINSON ROAD,DOWNTOWN CORE
ROBIN WALK,TANGLIN
ROCHDALE ROAD,HOUGANG
ROCHESTER DRIVE,QUEENSTOWN
RODYK STREET,SINGAPORE RIVER
ROSEBURN AVENUE,BEDOK
ROSE LANE,GEYLANG
ROSEWOOD DRIVE,WOODLANDS
ROSYTH AVENUE,HOUGANG
ROSYTH ROAD,HOUGANG
SAINT BARNABAS LANE,KALLANG
SALAM WALK,BEDOK
SALLIM ROAD,GEYLANG
SAM LEONG ROAD,KALLANG
SAMPAN PLACE,KALLANG
SANDILANDS ROAD,HOUGANG
SANDY ISLAND,SOUTHERN ISLANDS
SANDY LANE,GEYLANG
SARACA DRIVE,SERANGOON
SARACA HILL,SERANGOON
SARACA PLACE,SERANGOON
SARACA ROAD,SERANGOON
SARACA TERRACE,SERANGOON
SARACA VIEW,SERANGOON
SARACA WALK,SERANGOON
SARKIES ROAD,NEWTON
SAUNDERS ROAD,NEWTON
SCOTTS ROAD,NEWTON
SEA AVENUE,MARINE PARADE
SEA BREEZE AVENUE,TAMPINES
SEA BREEZE GROVE,TAMPINES
SEA BREEZE ROAD,TAMPINES
SEA BREEZE WALK,TAMPINES
SEAGULL WALK,TAMPINES
SECOND AVENUE,BUKIT TIMAH
SECOND STREET,BEDOK
SEGAR ROAD,BUKIT PANJANG
SELETAR CRESCENT,SELETAR
SELETAR GREEN AVENUE,SERANGOON
SELETAR GREEN VIEW,SERANGOON
SELETAR GREEN WALK,SERANGOON
SELETAR HILLS DRIVE,SERANGOON
SELETAR ROAD,SELETAR
SELETAR TERRACE,SERANGOON
SEMBAWANG,MANDAI
SEMBAWANG CRESCENT,SEMBAWANG
SEMBAWANG DRIVE,SEMBAWANG
SEMBAWANG HILLS DRIVE,ANG MO KIO
SEMBAWANG PLACE,SEMBAWANG
SEMBAWANG ROAD,MANDAI
SEMBONG ROAD,SEMBAWANG
SENGKANG,SENGKANG
SENGKANG EAST AVENUE,SENGKANG
SENGKANG SQUARE,SENGKANG
SENNETT AVENUE,BEDOK
SENNETT CLOSE,BEDOK
SENNETT DRIVE,BEDOK
SENNETT LANE,BEDOK
SENNETT PLACE,BEDOK
SENNETT ROAD,BEDOK
SENNETT TERRACE,BEDOK
SERANGOON,SERANGOON
SERANGOON AVENUE 1,SERANGOON
SERANGOON AVENUE 2,SERANGOON
SERANGOON AVENUE 3,SERANGOON
SERANGOON GARDEN CLOSE,SERANGOON
SERANGOON GARDEN DRIVE,SERANGOON
SERANGOON GARDEN PLACE,SERANGOON
SERANGOON GARDEN RISE,SERANGOON
SERANGOON GARDEN TERRACE,SERANGOON
SERANGOON GARDEN WAY,SERANGOON
SERANGOON NORTH AVENUE 1,SERANGOON
SERANGOON NORTH VIEW,SERANGOON
SERANGOON ROAD,KALLANG
SERANGOON TERRACE,SERANGOON
SERAYA CRESCENT,ANG MO KIO
SERAYA LANE,MARINE PARADE
SERAYA ROAD,MARINE PARADE
SERENADE WALK,ANG MO KIO
SHAMAH TERRACE,BUKIT TIMAH
SHANGHAI ROAD,TANGLIN
SHANGRI-LA CLOSE,ANG MO KIO
SHANGRI-LA WALK,ANG MO KIO
SHAN ROAD,NOVENA
SHELFORD ROAD,BUKIT TIMAH
SHENTON WAY,DOWNTOWN CORE
SHEPHERDS DRIVE,QUEENSTOWN
SHREWSBURY ROAD,NOVENA
SHUNFU ROAD,BISHAN
SIAK KEW AVENUE,TOA PAYOH
SIANG KUANG AVENUE,TOA PAYOH
SIAN TUAN AVENUE,BUKIT TIMAH
SIGLAP AVENUE,BEDOK
SIGLAP BANK,BEDOK
SIGLAP DRIVE,BEDOK
SIGLAP GARDENS,BEDOK
SIGLAP HILL,BEDOK
SIGLAP LINK,BEDOK
SIGLAP PLAIN,BEDOK
SIGLAP RISE,BEDOK
SIGLAP ROAD,BEDOK
SIGLAP TERRACE,BEDOK
SIGLAP VIEW,BEDOK
SIGLAP WALK,BEDOK
SILAT AVENUE,BUKIT MERAH
SIMEI RISE,TAMPINES
SIMEI STREET 1,TAMPINES
SIMEI STREET 3,TAMPINES
SIMEI STREET 4,TAMPINES
SIME ROAD,BUKIT TIMAH
SIMON LANE,HOUGANG
SIMON PLACE,HOUGANG
SIMON ROAD,HOUGANG
SIMON WALK,HOUGANG
SIMS AVENUE,GEYLANG
SIMS AVENUE EAST,BEDOK
SIMS DRIVE,GEYLANG
SIMS VIEW,BEDOK
SINARAN DRIVE,NOVENA
SING AVENUE,KALLANG
SING JOO WALK,KALLANG
SIN MING AVENUE,BISHAN
SIN MING ROAD,BISHAN
SIN MING WALK,BISHAN
SIOK WAN CLOSE,QUEENSTOWN
SIRAT PLACE,HOUGANG
SIRAT ROAD,HOUGANG
SIXTH AVENUE,BUKIT TIMAH
SIXTH CRESCENT,BUKIT TIMAH
SLIM BARRACKS RISE,QUEENSTOWN
SOMME ROAD,KALLANG
SOMMERVILLE ESTATE ROAD,TANGLIN
SOMMERVILLE ROAD,TANGLIN
SOMMERVILLE WALK,SERANGOON
SOO CHOW DRIVE,BISHAN
SOO CHOW GARDEN ROAD,BISHAN
SOO CHOW RISE,BISHAN
SOO CHOW VIEW,BISHAN
SOO CHOW WALK,BISHAN
SOO CHOW WAY,BISHAN
SOPHIA ROAD,ROCHOR
SOUTH BUONA VISTA ROAD,QUEENSTOWN
SPOTTISWOODE PARK ROAD,BUKIT MERAH
SPRINGLEAF AVENUE,YISHUN
SPRINGLEAF CRESCENT,YISHUN
SPRINGLEAF DRIVE,YISHUN
SPRINGLEAF GARDEN,YISHUN
SPRINGLEAF HEIGHT,YISHUN
SPRINGLEAF LANE,YISHUN
SPRINGLEAF RISE,YISHUN
SPRINGLEAF ROAD,YISHUN
SPRINGLEAF VIEW,YISHUN
SPRINGLEAF WALK,YISHUN
SPRINGSIDE AVENUE,YISHUN
SPRINGSIDE CRESCENT,YISHUN
SPRINGSIDE DRIVE,YISHUN
SPRINGSIDE GREEN,YISHUN
SPRINGSIDE LINK,YISHUN
SPRINGSIDE PLACE,YISHUN
SPRINGSIDE VIEW,YISHUN
SPRINGSIDE WALK,YISHUN
SPRINGWOOD CLOSE,QUEENSTOWN
SPRINGWOOD CRESCENT,QUEENSTOWN
SPRINGWOOD HEIGHT,QUEENSTOWN
SPRINGWOOD TERRACE,QUEENSTOWN
SPRINGWOOD WALK,QUEENSTOWN
STAMFORD ROAD,DOWNTOWN CORE
STANGEE PLACE,MARINE PARADE
ST. ANNE'S WOOD,SENGKANG
STARLIGHT ROAD,KALLANG
STEVENS CLOSE,TANGLIN
STEVENS DRIVE,TANGLIN
STEVENS ROAD,TANGLIN
ST. FRANCIS ROAD,KALLANG
ST. GEORGE'S ROAD,KALLANG
ST. HELIER'S AVENUE,SERANGOON
STILL LANE,BEDOK
STILL ROAD,MARINE PARADE
STILL ROAD SOUTH,MARINE PARADE
STIRLING ROAD,QUEENSTOWN
ST. MARTIN'S DRIVE,TANGLIN
ST. MICHAEL'S ROAD,KALLANG
ST. NICHOLAS VIEW,ANG MO KIO
STOKESAY DRIVE,SERANGOON
STONE AVENUE,BUKIT TIMAH
ST. PATRICK'S ROAD,BEDOK
STRATTON DRIVE,SERANGOON
STRATTON PLACE,SERANGOON
STRATTON ROAD,SERANGOON
ST. THOMAS WALK,RIVER VALLEY
STURDEE ROAD,KALLANG
STURDEE ROAD NORTH,KALLANG
ST. XAVIER'S LANE,HOUGANG
SUFFOLK ROAD,NOVENA
SUFFOLK WALK,NOVENA
SUMANG WALK,PUNGGOL
SUMMER PLACE,SERANGOON
SUNBIRD AVENUE,TAMPINES
SUNBIRD CIRCLE,TAMPINES
SUNBIRD ROAD,TAMPINES
SUNDRIDGE PARK ROAD,SERANGOON
SUNRISE AVENUE,ANG MO KIO
SUNRISE CLOSE,ANG MO KIO
SUNRISE DRIVE,ANG MO KIO
SUNRISE LANE,ANG MO KIO
SUNRISE PLACE,ANG MO KIO
SUNRISE TERRACE,ANG MO KIO
SUNRISE WALK,ANG MO KIO
SUNRISE WAY,ANG MO KIO
SUNSET CLOSE,CLEMENTI
SUNSET CRESCENT,CLEMENTI
SUNSET DRIVE,CLEMENTI
SUNSET GROVE,CLEMENTI
SUNSET HEIGHTS,CLEMENTI
SUNSET PLACE,CLEMENTI
SUNSET SQUARE,CLEMENTI
SUNSET TERRACE,CLEMENTI
SUNSET VALE,CLEMENTI
SUNSET VIEW,CLEMENTI
SUNSET WALK,CLEMENTI
SUNSET WAY,CLEMENTI
SUNSHINE TERRACE,SERANGOON
SURIN AVENUE,HOUGANG
SURIN LANE,HOUGANG
SURREY ROAD,NOVENA
SWANAGE ROAD,MARINE PARADE
SWAN LAKE AVENUE,BEDOK
SWETTENHAM CLOSE,TANGLIN
SWETTENHAM ROAD,TANGLIN
SWISS CLUB LANE,BUKIT TIMAH
SWISS CLUB ROAD,BUKIT TIMAH
SWISS VIEW,BUKIT TIMAH
TAGORE AVENUE,ANG MO KIO
TAI HWAN AVENUE,SERANGOON
TAI HWAN CLOSE,SERANGOON
TAI HWAN CRESCENT,SERANGOON
TAI HWAN DRIVE,SERANGOON
TAI HWAN GROVE,SERANGOON
TAI HWAN HEIGHTS,SERANGOON
TAI HWAN LANE,SERANGOON
TAI HWAN PLACE,SERANGOON
TAI HWAN TERRACE,SERANGOON
TAI HWAN WALK,SERANGOON
TAI KENG AVENUE,HOUGANG
TAI KENG GARDENS,HOUGANG
TAI KENG LANE,HOUGANG
TAI KENG PLACE,HOUGANG
TAI KENG TERRACE,HOUGANG
TAI THONG CRESCENT,TOA PAYOH
TAI YUAN HEIGHTS,SERANGOON
TAMAN BEDOK,BEDOK
TAMAN KEMBANGAN,BEDOK
TAMAN MAS MERAH,CLEMENTI
TAMAN NAKHODA,TANGLIN
TAMAN PERMATA,BISHAN
TAMAN SELAMAT,BEDOK
TAMAN SERASI,TANGLIN
TAMAN SIGLAP,BEDOK
TAMAN SIREH,HOUGANG
TAMAN WARNA,BUKIT TIMAH
TAMARIND ROAD,SERANGOON
TAMPINES,TAMPINES
TAMPINES AVENUE,TAMPINES
TAMPINES AVENUE 1,TAMPINES
TAMPINES AVENUE 8,TAMPINES
TAMPINES CENTRAL 7,TAMPINES
TAMPINES LANE,TAMPINES
TAMPINES ROAD,PASIR RIS
TAMPINES STREET 34,TAMPINES
TAMPINES STREET 62,TAMPINES
TAMPINES STREET 73,TAMPINES
TAMPINES STREET 86,TAMPINES
TANAH MERAH BESAR LANE,CHANGI
TANAH MERAH BESAR ROAD,CHANGI
TANAH MERAH KECHIL AVENUE,BEDOK
TANAH MERAH KECHIL LINK,BEDOK
TANAH MERAH KECHIL RIDGE,BEDOK
TANAH MERAH KECHIL RISE,BEDOK
TANAH MERAH KECHIL ROAD,BEDOK
TANAH MERAH KECHIL ROAD SOUTH,BEDOK
TAN BOON CHONG AVENUE,BUKIT TIMAH
TANGLIN HILL,TANGLIN
TANGLIN RISE,TANGLIN
TANGLIN ROAD,QUEENSTOWN
TANJONG KATONG ROAD,MARINE PARADE
TANJONG RHU ROAD,KALLANG
TAN KIM CHENG ROAD,BUKIT TIMAH
TAN QUEE LAN STREET,DOWNTOWN CORE
TAN SIM BOH ROAD,NOVENA
TAO CHING ROAD,JURONG WEST
TAVISTOCK AVENUE,SERANGOON
TAY LIAN TECK ROAD,BEDOK
TELOK BLANGAH DRIVE,BUKIT MERAH
TELOK BLANGAH ROAD,BUKIT MERAH
TELOK KURAU ROAD,BEDOK
TEMBELING ROAD,GEYLANG
TENGAH GARDEN WALK,TENGAH
TENG TONG ROAD,MARINE PARADE
TEO KIM ENG ROAD,BEDOK
TEOW HOCK AVENUE,HOUGANG
TERANG BULAN AVENUE,BEDOK
TERRASSE LANE,HOUGANG
TESSENSOHN ROAD,KALLANG
THAM SOONG AVENUE,BUKIT TIMAH
THE INGLEWOOD,BISHAN
THIAM SIEW AVENUE,GEYLANG
THIRD AVENUE,BUKIT TIMAH
THIRD STREET,BEDOK
THOMSON CLOSE,ANG MO KIO
THOMSON GREEN,ANG MO KIO
THOMSON HEIGHTS,ANG MO KIO
THOMSON HILL,ANG MO KIO
THOMSON HILLS DRIVE,ANG MO KIO
THOMSON LANE,TOA PAYOH
THOMSON RIDGE,BISHAN
THOMSON ROAD,NOVENA
THOMSON TERRACE,ANG MO KIO
THOMSON VIEW,ANG MO KIO
THOMSON WALK,NOVENA
THONG BEE ROAD,YISHUN
THONG SOON GREEN,YISHUN
THONG SOON ROAD,YISHUN
THRIFT DRIVE,HOUGANG
TOA PAYOH,TOA PAYOH
TOH AVENUE,PASIR RIS
TOH CLOSE,PASIR RIS
TOH CRESCENT,PASIR RIS
TOH DRIVE,PASIR RIS
TOH HEIGHTS,PASIR RIS
TOH STREET,PASIR RIS
TOH TUCK CLOSE,BUKIT TIMAH
TOH TUCK CRESCENT,BUKIT TIMAH
TOH TUCK DRIVE,BUKIT TIMAH
TOH TUCK PLACE,BUKIT TIMAH
TOH TUCK RISE,BUKIT TIMAH
TOH TUCK ROAD,CLEMENTI
TOH TUCK TERRACE,BUKIT TIMAH
TOH TUCK WALK,BUKIT TIMAH
TOH YI DRIVE,BUKIT TIMAH
TOH YI ROAD,BUKIT TIMAH
TOMLINSON ROAD,ORCHARD
TONG WATT ROAD,RIVER VALLEY
TOPAZ ROAD,KALLANG
TORONTO ROAD,BISHAN
TOSCA STREET,BEDOK
TOSCA TERRACE,BEDOK
TRANSIT ROAD,YISHUN
TRAS STREET,DOWNTOWN CORE
TREASURE ISLAND,SOUTHERN ISLANDS
TREVOSE CRESCENT,NOVENA
TREVOSE PLACE,NOVENA
TRURO ROAD,KALLANG
TUA KONG GREEN,BEDOK
TUA KONG PLACE,BEDOK
TUA KONG TERRACE,BEDOK
TUA KONG WALK,BEDOK
TUDOR CLOSE,NOVENA
TU FU AVENUE,ANG MO KIO
TUNG PO AVENUE,ANG MO KIO
TYRWHITT ROAD,KALLANG
UNIVERSITY ROAD,NOVENA
UNIVERSITY WALK,NOVENA
UPPER ALJUNIED ROAD,TOA PAYOH
UPPER BEDOK ROAD,BEDOK
UPPER BUKIT TIMAH ROAD,BUKIT PANJANG
UPPER BUKIT TIMAH VIEW,BUKIT TIMAH
UPPER CHANGI ROAD,BEDOK
UPPER CHANGI ROAD EAST,TAMPINES
UPPER CHANGI ROAD NORTH,CHANGI
UPPER CIRCULAR ROAD,SINGAPORE RIVER
UPPER CROSS STREET,OUTRAM
UPPER EAST COAST ROAD,BEDOK
UPPER NERAM ROAD,SERANGOON
UPPER PAYA LEBAR ROAD,TOA PAYOH
UPPER SERANGOON CRESCENT,HOUGANG
UPPER SERANGOON ROAD,HOUGANG
UPPER SERANGOON VIEW,HOUGANG
UPPER THOMSON ROAD,CENTRAL WATER CATCHMENT
UPPER WELD ROAD,ROCHOR
VALLEY ROAD,SEMBAWANG
VANDA AVENUE,BUKIT TIMAH
VANDA CRESCENT,BUKIT TIMAH
VANDA DRIVE,BUKIT TIMAH
VANDA ROAD,BUKIT TIMAH
VAUGHAN ROAD,SERANGOON
VEERAGOO CLOSE,HOUGANG
VENUS ROAD,BISHAN
VERDE AVENUE,CHOA CHU KANG
VERDE CRESCENT,CHOA CHU KANG
VERDE GROVE,CHOA CHU KANG
VERDE PLACE,CHOA CHU KANG
VERDE VIEW,CHOA CHU KANG
VERDE WALK,CHOA CHU KANG
VICTORIA PARK CLOSE,BUKIT TIMAH
VICTORIA PARK GROVE,BUKIT TIMAH
VICTORIA PARK ROAD,BUKIT TIMAH
WAK HASSAN DRIVE,SEMBAWANG
WAK HASSAN PLACE,SEMBAWANG
WALLICH STREET,DOWNTOWN CORE
WALMER DRIVE,SERANGOON
WALSHE ROAD,TANGLIN
WALTON ROAD,MARINE PARADE
WAN THO AVENUE,TOA PAYOH
WAREHAM ROAD,MARINE PARADE
WARINGIN PARK,BEDOK
WARINGIN WALK,BEDOK
WATERLOO STREET,ROCHOR
WATTEN CLOSE,BUKIT TIMAH
WATTEN DRIVE,BUKIT TIMAH
WATTEN ESTATE ROAD,BUKIT TIMAH
WATTEN HEIGHTS,BUKIT TIMAH
WATTEN PARK,BUKIT TIMAH
WATTEN RISE,BUKIT TIMAH
WATTEN TERRACE,BUKIT TIMAH
WATTEN VIEW,BUKIT TIMAH
WEST COAST AVENUE,CLEMENTI
WEST COAST CRESCENT,CLEMENTI
WEST COAST DRIVE,CLEMENTI
WEST COAST GREEN,CLEMENTI
WEST COAST GROVE,CLEMENTI
WEST COAST LANE,CLEMENTI
WEST COAST PARK,QUEENSTOWN
WEST COAST PLACE,CLEMENTI
WEST COAST RISE,CLEMENTI
WEST COAST ROAD,QUEENSTOWN
WEST COAST TERRACE,CLEMENTI
WEST COAST VALE,CLEMENTI
WEST COAST VIEW,CLEMENTI
WEST COAST WALK,CLEMENTI
WEST COAST WAY,CLEMENTI
WESTERHOUT ROAD,GEYLANG
WESTLAKE AVENUE,BISHAN
WESTRIDGE WALK,QUEENSTOWN
WESTWOOD AVENUE,JURONG WEST
WESTWOOD CRESCENT,JURONG WEST
WESTWOOD DRIVE,JURONG WEST
WESTWOOD ROAD,JURONG WEST
WESTWOOD TERRACE,JURONG WEST
WESTWOOD WALK,JURONG WEST
WHAMPOA DRIVE,NOVENA
WHAMPOA EAST,KALLANG
WHITE HOUSE PARK,TANGLIN
WHITLEY ROAD,NOVENA
WILBY ROAD,BUKIT TIMAH
WILKIE ROAD,NEWTON
WILKIE TERRACE,ROCHOR
WILKINSON ROAD,MARINE PARADE
WILLOW AVENUE,TOA PAYOH
WILTON GARDENS,BEDOK
WILTSHIRE ROAD,BEDOK
WIMBORNE ROAD,MARINE PARADE
WINDSOR PARK ROAD,BISHAN
WISHART ROAD,BUKIT MERAH
WOLSKEL ROAD,SERANGOON
WOODGROVE AVENUE,WOODLANDS
WOODGROVE DRIVE,WOODLANDS
WOODGROVE VIEW,WOODLANDS
WOODGROVE WALK,WOODLANDS
WOODLANDS,WOODLANDS
WOODLANDS AVENUE 5,WOODLANDS
WOODLANDS AVENUE 6,WOODLANDS
WOODLANDS CRESCENT,WOODLANDS
WOODLANDS DRIVE 16,WOODLANDS
WOODLANDS DRIVE 72,WOODLANDS
WOODLANDS ROAD,BUKIT PANJANG
WOODLANDS VIEW,WOODLANDS
WOODLEIGH CLOSE,TOA PAYOH
WOODLEIGH LANE,TOA PAYOH
WOODSVILLE CLOSE,TOA PAYOH
WOOLLERTON DRIVE,TANGLIN
WOOLLERTON PARK,TANGLIN
WOO MON CHEW ROAD,BEDOK
WORTHING ROAD,SERANGOON
YAN KIT ROAD,OUTRAM
YARROW GARDENS,BEDOK
YARWOOD AVENUE,BUKIT TIMAH
YEW SIANG ROAD,QUEENSTOWN
YIO CHU KANG GARDENS,ANG MO KIO
YIO CHU KANG ROAD,ANG MO KIO
YIO CHU KANG TERRACE,HOUGANG
YISHUN,YISHUN
YISHUN AVENUE 1,YISHUN
YISHUN AVENUE 11,YISHUN
YISHUN AVENUE 6,YISHUN
YISHUN AVENUE 9,YISHUN
YISHUN CENTRAL 1,YISHUN
YISHUN CLOSE,YISHUN
YISHUN RING ROAD,YISHUN
YISHUN STREET 51,YISHUN
YISHUN STREET 81,YISHUN
YONG SIAK STREET,BUKIT MERAH
YORK PLACE,SERANGOON
YOUNGBERG TERRACE,TOA PAYOH
YUAN CHING ROAD,JURONG EAST
YUK TONG AVENUE,BUKIT TIMAH
YUNNAN CRESCENT,JURONG WEST
YUNNAN DRIVE 1,JURONG WEST
YUNNAN ROAD,JURONG WEST
YUNNAN WALK 1,JURONG WEST
YUNNAN WALK 3,JURONG WEST
ZEHNDER ROAD,QUEENSTOWN
ZION CLOSE,TANGLIN
ZION ROAD,BUKIT MERAH